"Смартфон SAMSUNG SM-A536E Galaxy A53 6/128Gb ZKD Black (SM-A536EZKDSEK)","17 299"
"Смартфон XIAOMI Redmi A1 2/32 Gb Dual Sim Black","3 899"
"Смартфон APPLE iPhone 13 128GB Midnight (MLPF3HU/A)","35 999"
"smart/tel SAMSUNG SM-A032F Galaxy A03 Core 2/32GB CKD (ceramic black)","4 099"
"Смартфон SAMSUNG Galaxy A03 Core 2/32 Gb Dual Sim Light Green (SM-A032FLGDSEK)","4 099"
"Смартфон XIAOMI Redmi 9A 2/32GB Glacial Blue","4 199"
"Смартфон SAMSUNG Galaxy A03 3/32GB Dual Sim Black (SM-A035FZKDSEK)","4 799"
"Смартфон SAMSUNG Galaxy A03 3/32GB Dual Sim Blue (SM-A035FZBDSEK)","4 799"
"Смартфон APPLE iPhone 14 256GB Midnight","46 499"
"Смартфон Samsung Galaxy A03s 3/32 GB Dual Sim Black (SM-A037FZKDSEK)","5 099"
"Смартфон APPLE iPhone 13 Pro Max 256 Gb Alpine Green (MND03HU/A)","53 999"
"Смартфон SAMSUNG Galaxy M13 4/64Gb Dual Sim Deep Green","7 299"
"Смартфон SAMSUNG Galaxy M13 4/64Gb Dual Sim Light Blue (SM-M135FLBDSEK)","7 299"
"Смартфон SAMSUNG SM-A135F Galaxy A13 4/64Gb ZKV Black (SM-A135FZKVSEK)","7 599"
"Смартфон SAMSUNG SM-A135F Galaxy A13 4/128Gb ZKK Black (SM-A135FZKKSEK)","7 999"
"Смартфон SAMSUNG Galaxy M32 6/128 Gb Dual Sim Light Blue (SM-M325FLBGSEK)","8 999"
"Смартфон SAMSUNG Galaxy M32 6/128 Gb Dual Sim White (SM-M325FZWGSEK)","8 999"
"Смартфон SAMSUNG Galaxy M32 6/128 Gb Dual Sim Black (SM-M325FZKGSEK)","8 999"
"Смартфон SAMSUNG SM-A235F Galaxy A23 6/128Gb ZKK Black (SM-A235FZKKSEK)","9 499"
"Смартфон SAMSUNG Galaxy A32 4/64 Gb Dual Sim Awesome Blue (SM-A325FZBDSEK)","9 599"
"Смартфон SAMSUNG Galaxy A32 4/64 Gb Dual Sim Awesome Black (SM-A325FZKDSEK)","9 599"
